{
  "project_info": {
    "project_number": "1000184566396",
    "firebase_url": "https://scout-868f0.firebaseio.com",
    "project_id": "scout-868f0",
    "storage_bucket": "scout-868f0.appspot.com"
  },
  "client": [
    {
      "client_info": {
        "mobilesdk_app_id": "1:1000184566396:android:22ce5958dc2f0a65",
        "android_client_info": {
          "package_name": "com.example.josecanizares.scout"
        }
      },
      "oauth_client": [
        {
          "client_id": "1000184566396-5gcikmvp6ieksccl8suaff5o2o6s2ci0.apps.googleusercontent.com",
          "client_type": 3
        }
      ],
      "api_key": [
        {
          "current_key": "AIzaSyDipj_YM2ACtomDzZzX9g8fx-_o7S1dmFA"
        }
      ],
      "services": {
        "analytics_service": {
          "status": 1
        },
        "appinvite_service": {
          "status": 1,
          "other_platform_oauth_client": []
        },
        "ads_service": {
          "status": 2
        }
      }
    }
  ],
  "configuration_version": "1"
}